{"cameraMode":{"drawMode":0,"name":"Shaded","section":"Shading Mode"},"sceneLighting":true,"audioPlay":false,"sceneViewState":{"showFog":true,"showMaterialUpdate":false,"showSkybox":true,"showFlares":true,"showImageEffects":true,"showParticleSystems":true},"in2DMode":false,"pivot":{"x":871.1893310546875,"y":614.0256958007813,"z":77.90105438232422},"rotation":{"x":-0.017998946830630304,"y":0.0029995099175721409,"z":0.000053997006034478545,"w":0.9998335242271423},"size":734.7020874023438,"orthographic":true}