{"cameraMode":{"drawMode":0,"name":"Shaded","section":"Shading Mode"},"sceneLighting":true,"audioPlay":false,"sceneViewState":{"showFog":true,"showMaterialUpdate":false,"showSkybox":true,"showFlares":true,"showImageEffects":true,"showParticleSystems":true},"in2DMode":false,"pivot":{"x":164.51158142089845,"y":1203.3818359375,"z":260.477783203125},"rotation":{"x":-0.011993160471320153,"y":-0.03299172222614288,"z":-0.00039591320091858506,"w":0.9993825554847717},"size":1070.2457275390625,"orthographic":true}