{"cameraMode":{"drawMode":0,"name":"Shaded","section":"Shading Mode"},"sceneLighting":true,"audioPlay":false,"sceneViewState":{"showFog":true,"showMaterialUpdate":false,"showSkybox":true,"showFlares":true,"showImageEffects":true,"showParticleSystems":true},"in2DMode":false,"pivot":{"x":76.9079360961914,"y":252.19073486328126,"z":-202.00123596191407},"rotation":{"x":0.04647798463702202,"y":-0.014983336441218853,"z":0.0006972262053750455,"w":0.9988057613372803},"size":686.5322265625,"orthographic":true}