{"cameraMode":{"drawMode":0,"name":"Shaded","section":"Shading Mode"},"sceneLighting":true,"audioPlay":false,"sceneViewState":{"showFog":true,"showMaterialUpdate":false,"showSkybox":true,"showFlares":true,"showImageEffects":true,"showParticleSystems":true},"in2DMode":false,"pivot":{"x":591.3765869140625,"y":958.4837646484375,"z":61.031192779541019},"rotation":{"x":0.008998083882033825,"y":-0.019498171284794809,"z":0.00017537170788273215,"w":0.9997696280479431},"size":1429.962646484375,"orthographic":true}