{"cameraMode":{"drawMode":0,"name":"Shaded","section":"Shading Mode"},"sceneLighting":true,"audioPlay":false,"sceneViewState":{"showFog":true,"showMaterialUpdate":false,"showSkybox":true,"showFlares":true,"showImageEffects":true,"showParticleSystems":true},"in2DMode":false,"pivot":{"x":800.2250366210938,"y":523.39697265625,"z":0.0},"rotation":{"x":-0.017998946830630304,"y":0.0029995099175721409,"z":0.000053997006034478545,"w":0.9998335242271423},"size":654.4490356445313,"orthographic":true}