{"cameraMode":{"drawMode":0,"name":"Shaded","section":"Shading Mode"},"sceneLighting":true,"audioPlay":false,"sceneViewState":{"showFog":true,"showMaterialUpdate":false,"showSkybox":true,"showFlares":true,"showImageEffects":true,"showParticleSystems":true},"in2DMode":false,"pivot":{"x":382.8175354003906,"y":372.5830078125,"z":-234.5720672607422},"rotation":{"x":0.04647798463702202,"y":-0.014983336441218853,"z":0.0006972262053750455,"w":0.9988057613372803},"size":382.9413757324219,"orthographic":true}