{"cameraMode":{"drawMode":0,"name":"Shaded","section":"Shading Mode"},"sceneLighting":true,"audioPlay":false,"sceneViewState":{"showFog":true,"showMaterialUpdate":false,"showSkybox":true,"showFlares":true,"showImageEffects":true,"showParticleSystems":true},"in2DMode":false,"pivot":{"x":-1187.691162109375,"y":1542.816162109375,"z":38.66663360595703},"rotation":{"x":-0.017998946830630304,"y":0.0029995099175721409,"z":0.000053997006034478545,"w":0.9998335242271423},"size":1943.6322021484375,"orthographic":true}