{"cameraMode":{"drawMode":0,"name":"Shaded","section":"Shading Mode"},"sceneLighting":true,"audioPlay":false,"sceneViewState":{"showFog":true,"showMaterialUpdate":false,"showSkybox":true,"showFlares":true,"showImageEffects":true,"showParticleSystems":true},"in2DMode":false,"pivot":{"x":849.4442749023438,"y":284.38897705078127,"z":-178.89794921875},"rotation":{"x":0.04647798463702202,"y":-0.014983336441218853,"z":0.0006972262053750455,"w":0.9988057613372803},"size":855.5440063476563,"orthographic":true}