{"cameraMode":{"drawMode":0,"name":"Shaded","section":"Shading Mode"},"sceneLighting":true,"audioPlay":false,"sceneViewState":{"showFog":true,"showMaterialUpdate":false,"showSkybox":true,"showFlares":true,"showImageEffects":true,"showParticleSystems":true},"in2DMode":false,"pivot":{"x":1029.634521484375,"y":1692.3721923828125,"z":424.08203125},"rotation":{"x":-0.011993160471320153,"y":-0.03299172222614288,"z":-0.00039591320091858506,"w":0.9993825554847717},"size":230.59292602539063,"orthographic":true}