{"cameraMode":{"drawMode":0,"name":"Shaded","section":"Shading Mode"},"sceneLighting":true,"audioPlay":false,"sceneViewState":{"showFog":true,"showMaterialUpdate":false,"showSkybox":true,"showFlares":true,"showImageEffects":true,"showParticleSystems":true},"in2DMode":false,"pivot":{"x":-361.82061767578127,"y":923.26123046875,"z":13.558639526367188},"rotation":{"x":0.008998083882033825,"y":-0.019498171284794809,"z":0.00017537170788273215,"w":0.9997696280479431},"size":1226.18896484375,"orthographic":true}