{"cameraMode":{"drawMode":0,"name":"Shaded","section":"Shading Mode"},"sceneLighting":true,"audioPlay":false,"sceneViewState":{"showFog":true,"showMaterialUpdate":false,"showSkybox":true,"showFlares":true,"showImageEffects":true,"showParticleSystems":true},"in2DMode":false,"pivot":{"x":805.2476196289063,"y":464.49957275390627,"z":-168.07333374023438},"rotation":{"x":0.04647798463702202,"y":-0.014983336441218853,"z":0.0006972262053750455,"w":0.9988057613372803},"size":708.5552368164063,"orthographic":true}