{"cameraMode":{"drawMode":0,"name":"Shaded","section":"Shading Mode"},"sceneLighting":true,"audioPlay":false,"sceneViewState":{"showFog":true,"showMaterialUpdate":false,"showSkybox":true,"showFlares":true,"showImageEffects":true,"showParticleSystems":true},"in2DMode":false,"pivot":{"x":832.9548950195313,"y":405.2630310058594,"z":69.89104461669922},"rotation":{"x":0.008998083882033825,"y":-0.019498171284794809,"z":0.00017537170788273215,"w":0.9997696280479431},"size":1195.379638671875,"orthographic":true}