{"cameraMode":{"drawMode":0,"name":"Shaded","section":"Shading Mode"},"sceneLighting":true,"audioPlay":false,"sceneViewState":{"showFog":true,"showMaterialUpdate":false,"showSkybox":true,"showFlares":true,"showImageEffects":true,"showParticleSystems":true},"in2DMode":false,"pivot":{"x":925.9886474609375,"y":530.53515625,"z":-175.6700439453125},"rotation":{"x":0.04647798463702202,"y":-0.014983336441218853,"z":0.0006972262053750455,"w":0.9988057613372803},"size":554.2709350585938,"orthographic":true}