{"cameraMode":{"drawMode":0,"name":"Shaded","section":"Shading Mode"},"sceneLighting":true,"audioPlay":false,"sceneViewState":{"showFog":true,"showMaterialUpdate":false,"showSkybox":true,"showFlares":true,"showImageEffects":true,"showParticleSystems":true},"in2DMode":false,"pivot":{"x":835.6083984375,"y":382.5703125,"z":46.125},"rotation":{"x":-0.017998946830630304,"y":0.0029995099175721409,"z":0.000053997006034478545,"w":0.9998335242271423},"size":744.1676025390625,"orthographic":true}