{"cameraMode":{"drawMode":0,"name":"Shaded","section":"Shading Mode"},"sceneLighting":true,"audioPlay":false,"sceneViewState":{"showFog":true,"showMaterialUpdate":false,"showSkybox":true,"showFlares":true,"showImageEffects":true,"showParticleSystems":true},"in2DMode":false,"pivot":{"x":814.1534423828125,"y":414.0330505371094,"z":-42.2445182800293},"rotation":{"x":0.040458109229803088,"y":-0.03895822539925575,"z":0.0015786706935614348,"w":0.9984191656112671},"size":844.3392944335938,"orthographic":true}