{"cameraMode":{"drawMode":0,"name":"Shaded","section":"Shading Mode"},"sceneLighting":true,"audioPlay":false,"sceneViewState":{"showFog":true,"showMaterialUpdate":false,"showSkybox":true,"showFlares":true,"showImageEffects":true,"showParticleSystems":true},"in2DMode":false,"pivot":{"x":589.4061279296875,"y":733.4315795898438,"z":179.3140869140625},"rotation":{"x":0.008998083882033825,"y":-0.019498171284794809,"z":0.00017537170788273215,"w":0.9997696280479431},"size":851.4605102539063,"orthographic":true}