{"cameraMode":{"drawMode":0,"name":"Shaded","section":"Shading Mode"},"sceneLighting":true,"audioPlay":false,"sceneViewState":{"showFog":true,"showMaterialUpdate":false,"showSkybox":true,"showFlares":true,"showImageEffects":true,"showParticleSystems":true},"in2DMode":false,"pivot":{"x":708.779541015625,"y":1216.131103515625,"z":37.89039611816406},"rotation":{"x":0.008998083882033825,"y":-0.019498171284794809,"z":0.00017537170788273215,"w":0.9997696280479431},"size":1014.0507202148438,"orthographic":true}